epoch,id,task,rank8_psnr,rank16_psnr,delta_psnr,rank8_ssim,rank16_ssim,delta_ssim
3,deblur_val_0046,deblur,13.343734974168447,13.365154577783397,-0.021419603614949878,0.2967020265566526,0.2982031749254382,-0.0015011483687855653
3,deblur_val_0007,deblur,12.424651943534588,12.469496295001205,-0.04484435146661703,0.20764141108851,0.21064355111652677,-0.00300214002801677
3,deblur_val_0030,deblur,16.887963163090504,16.918263386058282,-0.030300222967778012,0.561278652370022,0.5650707652111606,-0.003792112841138673
3,lowlight_val_0073,lowlight,17.331805460945237,18.267301010522907,-0.93549554957767,0.5686356935674314,0.5422551840502653,0.026380509517166084
3,lowlight_val_0006,lowlight,14.958083793254573,16.3346689304803,-1.376585137225728,0.6435015657621409,0.6736313397097978,-0.030129773947656924
3,lowlight_val_0064,lowlight,16.09268390134774,18.149090094187944,-2.0564061928402033,0.4406863681276212,0.5635428998013096,-0.12285653167368837
6,deblur_val_0046,deblur,13.375133031990034,13.378154568056317,-0.0030215360662833035,0.29840942800662207,0.29858307289616287,-0.0001736448895408027
6,deblur_val_0007,deblur,12.478826262401446,12.485835617786048,-0.00700935538460179,0.20981238353928577,0.20832145554072104,0.001490927998564734
6,deblur_val_0030,deblur,16.921013638098756,16.908611119700858,0.012402518397898632,0.562836977927431,0.563014015036805,-0.00017703710937400086
6,lowlight_val_0073,lowlight,16.96078696030288,16.627500937244864,0.33328602305801525,0.5242713323716086,0.5072410366606571,0.017030295710951493
6,lowlight_val_0006,lowlight,16.721538350036063,16.534068961193384,0.18746938884267905,0.6897665977710603,0.6751742318062149,0.014592365964845366
6,lowlight_val_0064,lowlight,12.97822447345403,14.645792862696695,-1.667568389242664,0.2947454921606405,0.40278113663772036,-0.10803564447707986
